	time	scoring	top_params	ncv_mcc	test_mcc	ncv_precision_recall_auc	test_precision_recall_auc	ncv_roc_auc	test_roc_auc	mean_ncv_mcc	mean_test_mcc	mean_ncv_precision_recall_auc	mean_test_precision_recall_auc	mean_ncv_roc_auc	mean_test_roc_auc
0	III14	mcc	{'frequency': 12, 'parameters': {'randomforestclassifier__max_features': 0.333, 'randomforestclassifier__n_estimators': 100}}	"[0.34717228 0.18463724 0.31313131 0.40201513 0.44780193 0.39393939
 0.4578649  0.31313131 0.39393939 0.34054054]"	"[ 0.5         0.25819889  0.25819889  0.46666667  0.4472136   0.37796447
  0.25819889  0.37796447  0.1490712   0.29277002  0.77459667  0.25819889
  0.          0.25819889  0.25819889  0.5         0.77459667  0.5
 -0.1490712   0.46666667  0.77459667  0.25819889  0.25819889  0.6
  0.46666667  0.          0.77459667  0.37796447  0.4472136   0.77459667
  0.57735027  0.77459667  0.57735027  0.4472136   0.1490712   0.57735027
  0.77459667  0.         -0.46666667  0.74535599  0.5         0.25819889
  0.37796447  0.6         0.6         0.5         0.          0.5
  0.46666667  0.25819889]"	"[0.74791551 0.60440506 0.78358509 0.70937561 0.76578425 0.64022176
 0.68160034 0.59038931 0.74684431 0.66655977]"	"[0.76666667 0.77142857 0.57916667 0.76388889 1.         1.
 0.70684524 1.         0.65555556 0.59920635 0.94375    0.8110119
 0.77142857 0.85       0.71111111 0.79315476 1.         0.94375
 0.79365079 0.67777778 0.875      0.79583333 0.7625     0.79444444
 0.90277778 0.4547619  0.5375     0.65       0.81666667 1.
 0.75416667 0.76666667 0.79583333 0.85       0.6547619  0.94375
 1.         0.77142857 0.43551587 0.90277778 0.83541667 0.79315476
 0.86607143 0.71111111 0.68333333 0.76666667 0.58630952 0.73125
 0.90277778 0.71111111]"	"[0.76767677 0.71338384 0.77146465 0.71212121 0.76641414 0.67676768
 0.73232323 0.6780303  0.74621212 0.69949495]"	"[0.8125     0.6875     0.75       0.86666667 1.         1.
 0.6875     1.         0.73333333 0.6        0.9375     0.75
 0.6875     0.86666667 0.8        0.6875     1.         0.9375
 0.73333333 0.73333333 0.78125    0.75       0.65625    0.83333333
 0.93333333 0.5        0.75       0.625      0.8        1.
 0.71875    0.8125     0.75       0.86666667 0.66666667 0.9375
 1.         0.6875     0.3        0.93333333 0.8125     0.6875
 0.75       0.8        0.76666667 0.8125     0.40625    0.75
 0.93333333 0.8       ]"	0.35941734305774964	0.3995382456230426	0.6936681016367522	0.7837996031746032	0.726388888888889	0.7818333333333333
1	III14	precision_recall_auc	{'frequency': 18, 'parameters': {'randomforestclassifier__max_features': 0.333, 'randomforestclassifier__n_estimators': 100}}	"[0.34717228 0.24654264 0.2566056  0.34717228 0.49494949 0.23888665
 0.35723525 0.35723525 0.44780193 0.30151134]"	"[ 0.25819889  0.25819889  0.25819889  0.77459667  0.4472136   0.37796447
  0.57735027  0.57735027 -0.06666667  0.29277002  0.57735027  0.
  0.25819889  0.25819889  0.25819889  0.25819889  0.77459667  0.5
 -0.1490712   0.46666667  0.77459667  0.5         0.25819889  0.6
  0.46666667  0.          0.          0.37796447  0.4472136   0.77459667
  0.57735027  0.5         0.57735027  0.29277002  0.1490712   0.77459667
  0.57735027  0.25819889 -0.1490712   0.46666667  0.5         0.25819889
  0.77459667  0.6         0.25819889  0.5         0.          0.57735027
  0.46666667  0.06666667]"	"[0.72335912 0.63289869 0.75551957 0.7209256  0.74100141 0.64408132
 0.65477251 0.61742175 0.76883665 0.65586257]"	"[0.76666667 0.8110119  0.73125    0.76388889 0.85       0.90833333
 0.94375    1.         0.65555556 0.54920635 0.90833333 0.8110119
 0.77142857 0.85       0.71111111 0.8110119  0.94375    0.94375
 0.79365079 0.67777778 0.88392857 0.90833333 0.47083333 0.65555556
 0.90277778 0.6702381  0.50416667 0.73125    0.67777778 1.
 0.83541667 0.87083333 0.83541667 0.65555556 0.59920635 0.94375
 0.94375    0.8110119  0.53234127 0.90277778 0.83541667 0.75357143
 0.94375    0.71111111 0.71111111 0.76666667 0.55297619 0.76666667
 0.90277778 0.81666667]"	"[0.76515152 0.72222222 0.74242424 0.72348485 0.76767677 0.68308081
 0.73737374 0.70580808 0.77525253 0.69191919]"	"[0.8125     0.75       0.75       0.86666667 0.86666667 0.875
 0.9375     1.         0.73333333 0.46666667 0.875      0.75
 0.6875     0.86666667 0.8        0.75       0.9375     0.9375
 0.73333333 0.73333333 0.8125     0.875      0.53125    0.73333333
 0.93333333 0.59375    0.625      0.75       0.73333333 1.
 0.8125     0.875      0.8125     0.73333333 0.6        0.9375
 0.9375     0.75       0.4        0.93333333 0.8125     0.625
 0.9375     0.8        0.8        0.8125     0.34375    0.8125
 0.93333333 0.8       ]"	0.33951127196729	0.3836542267189844	0.6914679191869029	0.7859424603174604	0.7314393939393938	0.7837083333333332
2	III14	roc_auc	{'frequency': 16, 'parameters': {'randomforestclassifier__max_features': 0.333, 'randomforestclassifier__n_estimators': 100}}	"[0.34717228 0.24654264 0.30151134 0.34717228 0.50251891 0.34717228
 0.31313131 0.26938282 0.34717228 0.44780193]"	"[ 0.5         0.25819889  0.25819889  0.46666667  0.4472136   0.37796447
  0.57735027  0.57735027 -0.06666667  0.29277002  0.57735027  0.
  0.25819889  0.46666667  0.25819889  0.25819889  0.77459667  0.5
 -0.1490712   0.46666667  0.77459667  0.25819889  0.25819889  0.6
  0.77459667  0.          0.57735027  0.37796447  0.4472136   0.77459667
  0.25819889  0.77459667  0.25819889  0.29277002  0.1490712   0.37796447
  0.77459667  0.         -0.46666667  0.74535599  0.25819889  0.5
  0.37796447  0.6         0.25819889  0.5        -0.25819889  0.5
  0.77459667  0.77459667]"	"[0.76667391 0.60046569 0.73912417 0.7066368  0.75580835 0.57218816
 0.72983558 0.58770792 0.74738448 0.66496436]"	"[0.87083333 0.8110119  0.57916667 0.76388889 1.         1.
 0.75       1.         0.63888889 0.29920635 0.90833333 0.75357143
 0.77142857 0.85       0.71111111 0.77142857 1.         0.94375
 0.79365079 0.42777778 0.90833333 0.83541667 0.46190476 0.71111111
 0.90277778 0.4547619  0.50416667 0.7125     0.62222222 1.
 0.73125    0.87083333 0.8110119  0.85       0.71111111 0.94375
 1.         0.70684524 0.53234127 1.         0.83541667 0.79315476
 0.94375    0.65555556 0.71111111 0.76666667 0.54255952 0.76666667
 0.76388889 0.76388889]"	"[0.78409091 0.70454545 0.72727273 0.72979798 0.78156566 0.67045455
 0.75505051 0.68686869 0.75631313 0.70328283]"	"[0.875      0.75       0.75       0.86666667 1.         1.
 0.78125    1.         0.7        0.4        0.875      0.625
 0.6875     0.86666667 0.8        0.6875     1.         0.9375
 0.73333333 0.66666667 0.875      0.8125     0.5        0.8
 0.93333333 0.5        0.625      0.71875    0.66666667 1.
 0.75       0.875      0.75       0.86666667 0.8        0.9375
 1.         0.6875     0.4        1.         0.8125     0.6875
 0.9375     0.73333333 0.8        0.8125     0.3125     0.8125
 0.86666667 0.86666667]"	0.3469578083614862	0.38784022228269044	0.6870789433226805	0.7691408730158729	0.7299242424242426	0.7828333333333333
3	C-1	mcc	{'frequency': 14, 'parameters': {'randomforestclassifier__max_features': 0.1, 'randomforestclassifier__n_estimators': 100}}	"[0.60302269 0.59494221 0.54843158 0.50251891 0.50251891 0.5959596
 0.60302269 0.70352647 0.54384833 0.54843158]"	"[1.         0.5        0.77459667 0.06666667 0.77459667 0.57735027
 0.77459667 0.77459667 0.46666667 0.6        0.77459667 0.57735027
 0.25819889 0.77459667 0.6        0.77459667 0.77459667 0.
 0.77459667 0.4472136  0.25819889 0.         0.77459667 0.77459667
 0.77459667 0.77459667 0.57735027 0.         0.77459667 1.
 0.57735027 0.5        0.77459667 0.6        0.74535599 0.77459667
 0.77459667 0.77459667 0.48795004 0.77459667 0.5        0.
 1.         0.74535599 0.46666667 0.77459667 0.25819889 0.57735027
 0.46666667 0.77459667]"	"[0.67949887 0.75274898 0.68580952 0.69604315 0.70720359 0.74280566
 0.75280147 0.7885836  0.64740787 0.66576941]"	"[1.         0.57916667 1.         0.67777778 0.90277778 0.90833333
 1.         0.94375    0.85       0.75       0.94375    0.8110119
 0.57916667 0.68055556 0.84722222 0.94375    1.         0.79583333
 0.76388889 0.34444444 0.88392857 0.62916667 1.         0.76388889
 1.         0.88392857 0.66875    0.76666667 0.90277778 1.
 0.73125    0.94375    0.90833333 0.90277778 0.81666667 0.94375
 1.         0.76666667 0.79365079 0.76388889 0.94375    0.38333333
 1.         1.         0.76388889 1.         0.50416667 0.87083333
 0.90277778 0.51388889]"	"[0.8270202  0.84469697 0.81565657 0.82070707 0.82323232 0.83964646
 0.83333333 0.87752525 0.77651515 0.78535354]"	"[1.         0.75       1.         0.73333333 0.93333333 0.875
 1.         0.9375     0.86666667 0.86666667 0.9375     0.75
 0.75       0.83333333 0.9        0.9375     1.         0.75
 0.86666667 0.53333333 0.8125     0.65625    1.         0.86666667
 1.         0.8125     0.71875    0.8125     0.93333333 1.
 0.75       0.9375     0.875      0.93333333 0.8        0.9375
 1.         0.8125     0.73333333 0.86666667 0.9375     0.34375
 1.         1.         0.86666667 1.         0.625      0.875
 0.93333333 0.8       ]"	0.5746222955203176	0.6024084070580302	0.7118672120675831	0.8254781746031746	0.8243686868686868	0.8572083333333333
4	C-1	precision_recall_auc	{'frequency': 12, 'parameters': {'randomforestclassifier__max_features': 0.333, 'randomforestclassifier__n_estimators': 100}}	"[0.5959596  0.59494221 0.5959596  0.60302269 0.60302269 0.54843158
 0.54843158 0.64550223 0.64550223 0.55849454]"	"[0.77459667 0.5        0.77459667 0.25819889 0.77459667 0.57735027
 0.77459667 0.77459667 0.46666667 0.6        0.77459667 0.57735027
 0.25819889 0.77459667 0.77459667 0.77459667 0.77459667 0.5
 0.77459667 0.4472136  0.5        0.25819889 0.77459667 0.77459667
 0.77459667 0.77459667 0.37796447 0.         0.77459667 1.
 0.57735027 0.5        0.77459667 0.6        0.48795004 0.77459667
 0.77459667 0.5        0.48795004 0.77459667 0.77459667 0.
 1.         1.         0.46666667 0.77459667 0.25819889 0.37796447
 0.77459667 0.77459667]"	"[0.68667642 0.68456873 0.70916853 0.72042033 0.72707769 0.81988956
 0.70616653 0.7799889  0.65862262 0.72425437]"	"[1.         0.54375    1.         0.67777778 0.90277778 0.83541667
 1.         1.         0.85       0.37777778 0.94375    0.83541667
 0.57916667 0.51388889 0.76388889 0.90833333 1.         0.90833333
 0.90277778 0.34444444 0.88392857 0.79583333 0.94375    0.76388889
 1.         0.88392857 0.87083333 0.76666667 0.90277778 1.
 0.69166667 0.94375    0.88392857 0.76388889 0.81666667 1.
 0.90833333 0.76666667 0.79365079 0.76388889 0.94375    0.37440476
 1.         1.         0.90277778 1.         0.54375    0.975
 0.90277778 0.51388889]"	"[0.82575758 0.84090909 0.84343434 0.82070707 0.81818182 0.8510101
 0.81060606 0.86111111 0.78787879 0.79671717]"	"[1.         0.6875     1.         0.73333333 0.93333333 0.8125
 1.         1.         0.86666667 0.63333333 0.9375     0.8125
 0.75       0.8        0.86666667 0.875      1.         0.875
 0.93333333 0.53333333 0.8125     0.75       0.9375     0.86666667
 1.         0.8125     0.875      0.8125     0.93333333 1.
 0.6875     0.9375     0.8125     0.86666667 0.8        1.
 0.875      0.8125     0.73333333 0.86666667 0.9375     0.3125
 1.         1.         0.93333333 1.         0.6875     0.96875
 0.93333333 0.8       ]"	0.5939268928800769	0.623350847523068	0.7216833689306933	0.8237579365079364	0.8256313131313131	0.8562916666666665
5	C-1	roc_auc	{'frequency': 10, 'parameters': {'randomforestclassifier__max_features': 'sqrt', 'randomforestclassifier__n_estimators': 100}}	"[0.54384833 0.59494221 0.5959596  0.44780193 0.5959596  0.54843158
 0.54843158 0.64550223 0.5959596  0.50251891]"	"[0.77459667 0.5        0.57735027 0.25819889 0.77459667 0.57735027
 0.77459667 0.77459667 0.46666667 0.6        0.77459667 0.57735027
 0.25819889 0.77459667 0.77459667 0.77459667 0.77459667 0.
 0.77459667 0.06666667 0.77459667 0.25819889 0.77459667 0.46666667
 0.77459667 0.77459667 0.37796447 0.         0.77459667 1.
 0.57735027 0.5        0.77459667 0.6        0.48795004 0.77459667
 0.77459667 0.77459667 0.48795004 0.46666667 0.5        0.
 1.         0.74535599 0.77459667 0.77459667 0.25819889 0.37796447
 0.46666667 0.77459667]"	"[0.67018897 0.67381638 0.74957362 0.70310661 0.74511548 0.81020739
 0.76087628 0.78563855 0.6452335  0.63220579]"	"[1.         0.54375    1.         0.67777778 0.95833333 0.90833333
 1.         1.         0.67777778 0.43333333 0.94375    0.83541667
 0.57916667 0.76388889 0.90277778 0.90833333 1.         0.79583333
 0.76388889 0.62222222 0.88392857 0.79583333 0.94375    0.90277778
 1.         0.88392857 0.87083333 0.75625    0.90277778 1.
 0.67083333 0.94375    0.92708333 0.90277778 0.81666667 0.94375
 0.90833333 0.76666667 0.81666667 0.90277778 0.94375    0.3922619
 1.         1.         0.84722222 1.         0.54375    0.87083333
 0.90277778 0.51388889]"	"[0.81818182 0.82828283 0.8459596  0.81060606 0.82323232 0.8510101
 0.83080808 0.87247475 0.7790404  0.77525253]"	"[1.         0.6875     1.         0.73333333 0.96666667 0.875
 1.         1.         0.73333333 0.7        0.9375     0.8125
 0.75       0.86666667 0.93333333 0.875      1.         0.75
 0.86666667 0.66666667 0.8125     0.75       0.9375     0.93333333
 1.         0.8125     0.875      0.8125     0.93333333 1.
 0.65625    0.9375     0.90625    0.93333333 0.8        0.9375
 0.875      0.8125     0.8        0.93333333 0.9375     0.375
 1.         1.         0.9        1.         0.6875     0.875
 0.93333333 0.8       ]"	0.561935554802652	0.5898768340772006	0.717596256816887	0.8373690476190475	0.8234848484848485	0.8624166666666666
6	C28	mcc	{'frequency': 15, 'parameters': {'randomforestclassifier__max_features': 'sqrt', 'randomforestclassifier__n_estimators': 100}}	"[0.5959596  0.64550223 0.54384833 0.64550223 0.5959596  0.64550223
 0.64550223 0.64550223 0.54384833 0.5959596 ]"	"[0.57735027 0.57735027 1.         0.6        0.6        0.25819889
 0.77459667 1.         0.77459667 0.46666667 0.77459667 0.25819889
 0.5        0.74535599 0.6        0.77459667 0.77459667 0.5
 1.         0.25819889 0.25819889 0.5        0.77459667 0.77459667
 0.74535599 0.77459667 0.5        0.5        0.46666667 1.
 0.77459667 0.57735027 1.         0.77459667 0.1490712  0.5
 0.77459667 0.77459667 0.48795004 0.77459667 0.57735027 0.25819889
 1.         0.25819889 0.77459667 1.         0.5        0.25819889
 0.74535599 0.46666667]"	"[0.67061696 0.74163257 0.72638133 0.63538303 0.79099238 0.81067681
 0.75823133 0.82152694 0.71704904 0.75889563]"	"[0.79583333 0.74642857 1.         0.62777778 0.73888889 0.75
 0.88392857 1.         0.76388889 0.67777778 1.         0.8110119
 0.54375    0.81666667 0.85       0.88392857 0.94375    0.51934524
 1.         0.4047619  0.79315476 0.83541667 0.94375    1.
 0.90277778 1.         0.88392857 0.8110119  0.76111111 1.
 1.         1.         1.         0.68055556 0.57361111 0.70684524
 0.87083333 0.88392857 0.63789683 1.         0.88392857 0.70684524
 1.         0.55456349 0.51388889 1.         0.70684524 0.77142857
 0.81666667 0.81666667]"	"[0.75126263 0.76767677 0.82070707 0.75757576 0.84090909 0.83712121
 0.80555556 0.84090909 0.78030303 0.81944444]"	"[0.75       0.625      1.         0.76666667 0.83333333 0.625
 0.8125     1.         0.86666667 0.73333333 1.         0.75
 0.6875     0.8        0.86666667 0.8125     0.9375     0.625
 1.         0.6        0.6875     0.8125     0.9375     1.
 0.93333333 1.         0.8125     0.75       0.76666667 1.
 1.         1.         1.         0.83333333 0.53333333 0.6875
 0.875      0.8125     0.6        1.         0.8125     0.6875
 1.         0.56666667 0.8        1.         0.6875     0.6875
 0.8        0.8       ]"	0.6103086589111705	0.6306847177368687	0.7431386024806678	0.8162678571428573	0.8021464646464647	0.8194999999999999
7	C28	precision_recall_auc	{'frequency': 15, 'parameters': {'randomforestclassifier__max_features': 0.333, 'randomforestclassifier__n_estimators': 100}}	"[0.5959596  0.64550223 0.59494221 0.64550223 0.64550223 0.64550223
 0.64550223 0.5959596  0.5959596  0.64550223]"	"[0.57735027 0.57735027 1.         0.6        0.6        0.25819889
 0.77459667 1.         0.77459667 0.46666667 0.77459667 0.57735027
 0.5        0.74535599 0.6        0.77459667 0.77459667 0.5
 1.         0.25819889 0.5        0.5        0.77459667 0.77459667
 0.74535599 0.77459667 0.5        0.5        0.46666667 1.
 0.77459667 0.57735027 1.         0.77459667 0.1490712  0.5
 0.77459667 0.77459667 0.1490712  0.77459667 0.57735027 0.5
 1.         0.25819889 0.77459667 1.         0.5        0.25819889
 0.74535599 0.74535599]"	"[0.7629005  0.75573366 0.75536121 0.72300453 0.78654441 0.78563827
 0.71214953 0.81092198 0.78250415 0.68852609]"	"[0.86607143 0.71964286 1.         0.85       0.76388889 0.7375
 0.88392857 1.         1.         0.71111111 1.         0.88392857
 0.54375    0.81666667 0.95833333 1.         0.94375    0.70684524
 1.         0.42777778 0.79315476 0.83541667 0.975      1.
 0.90277778 1.         0.8110119  0.83541667 0.6547619  1.
 1.         1.         1.         0.51388889 0.51388889 0.8110119
 0.94375    0.88392857 0.65555556 1.         0.87083333 0.73125
 1.         0.63789683 0.76388889 1.         0.51934524 0.77142857
 0.90277778 0.81666667]"	"[0.7739899  0.77146465 0.83080808 0.81691919 0.84090909 0.85606061
 0.78787879 0.8510101  0.80429293 0.80934343]"	"[0.75       0.53125    1.         0.86666667 0.86666667 0.59375
 0.8125     1.         1.         0.8        1.         0.8125
 0.6875     0.8        0.96666667 1.         0.9375     0.6875
 1.         0.66666667 0.6875     0.8125     0.96875    1.
 0.93333333 1.         0.75       0.8125     0.66666667 1.
 1.         1.         1.         0.8        0.33333333 0.75
 0.9375     0.8125     0.73333333 1.         0.875      0.75
 1.         0.6        0.86666667 1.         0.625      0.6875
 0.93333333 0.8       ]"	0.6255834356516214	0.6455359994930114	0.7563284332168126	0.8391369047619048	0.8142676767676769	0.8382916666666665
8	C28	roc_auc	{'frequency': 15, 'parameters': {'randomforestclassifier__max_features': 0.333, 'randomforestclassifier__n_estimators': 1000}}	"[0.5959596  0.64550223 0.59494221 0.5959596  0.64550223 0.64550223
 0.64550223 0.5959596  0.5959596  0.64550223]"	"[0.57735027 0.57735027 1.         0.6        0.6        0.25819889
 0.77459667 1.         0.77459667 0.46666667 0.77459667 0.57735027
 0.5        0.74535599 0.6        0.77459667 0.77459667 0.25819889
 1.         0.25819889 0.5        0.5        0.77459667 0.77459667
 0.74535599 0.77459667 0.5        0.5        0.46666667 1.
 0.77459667 0.57735027 1.         0.77459667 0.1490712  0.25819889
 0.77459667 0.77459667 0.48795004 0.77459667 0.57735027 0.5
 1.         0.25819889 0.77459667 1.         0.5        0.25819889
 0.74535599 0.74535599]"	"[0.72015585 0.76013887 0.76711955 0.7306493  0.81099337 0.8425144
 0.77005305 0.80936825 0.77486633 0.77002091]"	"[0.79315476 0.7375     1.         0.71111111 0.73888889 0.78392857
 0.88392857 1.         1.         0.71111111 1.         0.88392857
 0.54375    0.81666667 0.71111111 1.         0.94375    0.50892857
 1.         0.67777778 0.79315476 0.83541667 1.         1.
 0.90277778 1.         0.85267857 0.87083333 0.76111111 1.
 1.         1.         1.         0.51388889 0.55972222 0.8110119
 0.94375    0.94375    0.65555556 1.         0.94375    0.70684524
 1.         0.6547619  0.76388889 1.         0.64434524 0.77142857
 1.         0.81666667]"	"[0.76767677 0.78409091 0.84217172 0.79292929 0.86616162 0.87121212
 0.80429293 0.8510101  0.79924242 0.83585859]"	"[0.6875     0.59375    1.         0.8        0.83333333 0.71875
 0.8125     1.         1.         0.8        1.         0.8125
 0.6875     0.8        0.8        1.         0.9375     0.625
 1.         0.73333333 0.6875     0.8125     1.         1.
 0.93333333 1.         0.78125    0.875      0.76666667 1.
 1.         1.         1.         0.8        0.5        0.75
 0.9375     0.9375     0.73333333 1.         0.9375     0.6875
 1.         0.66666667 0.86666667 1.         0.65625    0.6875
 1.         0.8       ]"	0.6206291725436257	0.6426415318423834	0.7755879882637096	0.8438174603174603	0.8214646464646466	0.8491666666666666
